Apple 아이폰 13 256GB [자급제],"1,179,590원",https://cr.shopping.naver.com/adcr.nhn?x=iPWWNd5PUcD3G7HXG3T1Uf%2F%2F%2Fw%3D%3DsqxcI5%2BPSxUs8clhrY1DXqd%2Fyb0yWz%2BSHAa%2F9MKF1s2DrlQPyQuHoHFsppYbPEdHaXS1cHitgBkYGyoRcvLHL53yiyIkc7%2F6StrGtfmpt0ePrZF7PlqUhPLPae%2BpE%2Bdh5SuWHTYQ7ApXx6Mh1OtbTRoZnlrSZr8PDPdBCvs8uWtdeJxHcKH4rYUhc5SxvGs%2FQal%2Brid8rrn32YQBzRS5OdSJO7jbxAC%2FhHJnJbE9pD225SET%2FmTh%2Bwr3iKnDGr9FRWUJUkf7xYE2%2FJeqauZ9Bz127HyYErJyx8%2FLPKNhFVu4QhkkHXK4%2FmSRy5icYE%2F27BW36r4QZshREfg%2B3vq7RNg90VRkeZ7g3hur%2FkxMsNc%2FUQvs8GHq%2Bj7OvUNvyviyxS6nKoqtur6iGShqz9U6Fbkfowj1KoKb45p%2BXgMZysfkEdLuJh13gFOuABI1Cabywr1zQ3TaGfkdsxOv%2Bp53WSu5jnTGDpKGObFTyhFRkGDTL%2FnGINkSYp%2Bd2xAAY7UDn1UxaqwwRAbTAeA%2FJh4PWJms%2FGrInexu8otRTGt96en1icchwRNwmJ84TyxvjggzFbYnOL2L2a0oVhydh0ZEEDG%2FpgIv3TqdgC2hQx6d9uq7ke%2FVP%2BgM94BPZkP5YJ%2Bex&nvMid=29029192591&catId=50001519
Apple 아이폰 13 미니 128GB [자급제],"911,990원",https://cr.shopping.naver.com/adcr.nhn?x=kXLXcPKzje9lFDqYp70z3%2F%2F%2F%2Fw%3D%3Ds6olkozI64SHFURZzIzYm%2BNeRER6N3X5wiRptIyGSyb2GgjNtjvRyY8TaEm3AQ5UwSMSfLz3FNh66ffUu8ybpaOo490n%2FRk6SjqKO0r%2F7%2F7QkIWq27rmzJ7rPRNwlyziAHNVJxSsANVRXyMXcoXlJOd9%2BKy%2Fm0d%2BgYWHtEf61Jo5CNclKwvLyA%2Fys%2F%2FHPPajL6vmS6IPw0N8PQDlZk4TeMmNmcbgLr0lu2cCLGgyX7c9vsepmwRk8o%2FCB4DgHhnjVJtMjADnu9EQlSjgetHbs8mBvozsGKuKOevobNYa1JmIHs%2F2PHkpmvWjL2qy1nHublrlJrK849BDG2ixKGR4vLh7Ake9ek3MySJnTinHcZqn1QQzCLreNp8sjPDBjStixjQaGLcMmduX4DYWfbsi2VO8kdsXsQNdKuUottZvasFpFiBdPxTSuvYOb67FAYBAGWR34PGgX21IX5FwB8U%2FAX%2BE%2BfGVX3hhd%2B8lUQoXxvtZD%2FkFMO4s7sTx4sbc7XXXQvaOjGxMtdSZf0nL3LrxHbAfZTw8jDY3R%2BMGwEyPVljWtqaMHAJkj0DAJXiYJNZCZyUQvcT7y%2Bau6vGwLQuxcZKynbjZtqpKxxjkxRcvCiRzLVWGr8fvvH1mWvUgXPK6j&nvMid=29030650586&catId=50001519
Apple 아이폰 13 128GB [자급제],"1,042,690원",https://cr.shopping.naver.com/adcr.nhn?x=KmWbnIbCBeh56n92KWpehP%2F%2F%2Fw%3D%3DswFfAyNk%2FgmLQY0oLr%2FurMpDz1snn0JBRso%2FhkSrC2feGgjNtjvRyY8TaEm3AQ5UwWEE1TMPLl3X2gfgsrgGwOeo490n%2FRk6SjqKO0r%2F7%2F7QkIWq27rmzJ7rPRNwlyziAHNVJxSsANVRXyMXcoXlJOd9%2BKy%2Fm0d%2BgYWHtEf61Jo5CNclKwvLyA%2Fys%2F%2FHPPajL5rmSYJSQ7Q%2FSdegndTkuDGNmcbgLr0lu2cCLGgyX7c9vsepmwRk8o%2FCB4DgHhnjVJtMjADnu9EQlSjgetHbs8mBvozsGKuKOevobNYa1JmIHs%2F2PHkpmvWjL2qy1nHubaqGwzaFsj18sT3JWv2CCZDA9S%2B1w0r524OIC6%2F2MS1n1QQzCLreNp8sjPDBjStixjQaGLcMmduX4DYWfbsi2VFoO%2FDp4mLijeM28ltrw%2FnJFiBdPxTSuvYOb67FAYBAGicyoxpgWhb%2FJFrbN3vpwU3GwXssWiUWB5AWWes%2FwlZHyNHyBUXwWVD2ki0TxnNzyJtmHLiUwOdsFEOplcPeQD14JVULf2LjNq93lwYTHJEuOv%2B%2BG7P8zZs54SDuTec41G3D05xCWhM1PInih1xLrwPRRs2Tl2LVXyNQxua0eKL8GruH08DlKshetxY8KUEZb&nvMid=29030374587&catId=50001519
Apple 아이폰 13 프로 256GB [자급제],"1,391,750원",https://cr.shopping.naver.com/adcr.nhn?x=bxXrExb2MJibhXuKNZ4ref%2F%2F%2Fw%3D%3DsJ%2BnmESkhiV%2FjfX6PurAiLzm1RE9z2b4yORVj9izZoH6GgjNtjvRyY8TaEm3AQ5UwTGizFIISKNU6bdqz%2BiWvgOo490n%2FRk6SjqKO0r%2F7%2F7QkIWq27rmzJ7rPRNwlyziAHNVJxSsANVRXyMXcoXlJOd9%2BKy%2Fm0d%2BgYWHtEf61Jo5CNclKwvLyA%2Fys%2F%2FHPPajL137zj6xS8KLGHM26HEneD2NmcbgLr0lu2cCLGgyX7c9vsepmwRk8o%2FCB4DgHhnjVJtMjADnu9EQlSjgetHbs8mBvozsGKuKOevobNYa1JmIHs%2F2PHkpmvWjL2qy1nHubcvMoRD2VTtMZPXKfRdd38V%2FOmerd9tgb4%2BXUeM7vAVX1QQzCLreNp8sjPDBjStixjQaGLcMmduX4DYWfbsi2VN%2F%2FYQGXZHgYXhkyyFcKBlxFiBdPxTSuvYOb67FAYBAGpxy2zgNMJa1at1GSrSd0QLDi%2F4S2DCpuYr7VbV1dmlND%2FkFMO4s7sTx4sbc7XXXQvaOjGxMtdSZf0nL3LrxHbKmRoJY36vqYqR1G1fbgxCZPwCXFJiRdosf3os3K%2FWn1gIWKYPY5pb17qzahZ9VPeADdD%2BH1TTIAADdPZpsD%2BaFoaKZHilHbuauHUigNM5KA&nvMid=29030492586&catId=50001519
Apple 아이폰 13 프로 128GB [자급제],"1,260,640원",https://cr.shopping.naver.com/adcr.nhn?x=VvNtqYhzDfk%2Fcl1c0vL3%2Fv%2F%2F%2Fw%3D%3Dsp9gn%2BMb6fh%2BJ52GzMCneLPN6fWCsyvyUANuNMxJcPHvrlQPyQuHoHFsppYbPEdHagW8TiNb4Xibfs9TPumNiY2%2FKdR8aW%2FQVqAvpYlubxhvrZF7PlqUhPLPae%2BpE%2Bdh5SuWHTYQ7ApXx6Mh1OtbTRoZnlrSZr8PDPdBCvs8uWtdeJxHcKH4rYUhc5SxvGs%2FQff%2BKl%2BwrLZlKywJlrDo7tiJO7jbxAC%2FhHJnJbE9pD225SET%2FmTh%2Bwr3iKnDGr9FRWUJUkf7xYE2%2FJeqauZ9Bz127HyYErJyx8%2FLPKNhFVu4QhkkHXK4%2FmSRy5icYE%2F27BW36r4QZshREfg%2B3vq7RNtgxhcM9FhusLTt5YQrTML3UQvs8GHq%2Bj7OvUNvyviyxS6nKoqtur6iGShqz9U6FboQRNW2r0hfVRzuSl8FF4RgEdLuJh13gFOuABI1Cabywr1zQ3TaGfkdsxOv%2Bp53WSk7gey4ekRfw0je7STy31hzPU6pntGCurhu%2FV8uonTYh5X6MB3JdbnBohOi8QY2mso1lS06BWQJXd%2BwZYcIQiV0sdOlZFidCSOXE9opck4ysHYS%2Ffe75Izag9ltmMMzG%2F6jZr0vBemqHa9ALQx%2BbOJXke%2FVP%2BgM94BPZkP5YJ%2Bex&nvMid=29030420587&catId=50001519
Apple 아이폰 13 미니 256GB [자급제],"1,020,610원",https://cr.shopping.naver.com/adcr.nhn?x=GlTS83P0K2EdAK3AICtMIP%2F%2F%2Fw%3D%3Ds07HVmsLPfXhlCGVFYoNeZ2w%2FCaQfhGU2Cf24fqjXeWfrlQPyQuHoHFsppYbPEdHa8aiMttplJDybJqEF4yCTYjCNoioUtQArrw2irrajidfrZF7PlqUhPLPae%2BpE%2Bdh5SuWHTYQ7ApXx6Mh1OtbTRoZnlrSZr8PDPdBCvs8uWtdeJxHcKH4rYUhc5SxvGs%2FQHFu7hQKMJ1DiSIn6Qv1RZSJO7jbxAC%2FhHJnJbE9pD225SET%2FmTh%2Bwr3iKnDGr9FRWUJUkf7xYE2%2FJeqauZ9Bz127HyYErJyx8%2FLPKNhFVu4QhkkHXK4%2FmSRy5icYE%2F27BW36r4QZshREfg%2B3vq7RNouycrmkD9GetBx6L8h8Y9jUQvs8GHq%2Bj7OvUNvyviyxS6nKoqtur6iGShqz9U6FbqmQYK9bV69tGFFws7NAPZUEdLuJh13gFOuABI1Cabywr1zQ3TaGfkdsxOv%2Bp53WSncsz9SaQCgs7V%2F%2B%2F15Qw2jPU6pntGCurhu%2FV8uonTYh5X6MB3JdbnBohOi8QY2msvYn8GLmY8OUid9iR%2BTl4NMDmGxt9wq3O114Qe15YNQPfttFD8%2BaROpnqnqy1yQmHC6Wu28ABwb4rvdRwgPZF2rke%2FVP%2BgM94BPZkP5YJ%2Bex&nvMid=29030437590&catId=50001519
Apple 아이폰 13 프로 맥스 256GB [자급제],"1,600,860원",https://cr.shopping.naver.com/adcr.nhn?x=q3ancdByyFAYKd1Fusd2Pv%2F%2F%2Fw%3D%3DsoX0m2IGqOXwiFo6d6%2BrvUlzA7FSP260QOi4y8iV9BnlN4NgkrPIjlczCBjhk2dSMuZxGhdpq4Ycfz0QiHOyosWbsnwmNHeQdYOk2aMLu%2FUJ6PCI7awQl21dHm5z%2FJuuZUYCOevbAde8ItN%2FkNx%2Baesv%2BjB2erv%2BZ%2Brrs5VHOiTQgGE7%2BZatKjf5hEf1XctkK%2FKNqv4IElur67jOnMrLMW5bkCnZt3PKDnGtnPfTpWXV9gLRMuJH34gK%2BdKxxm2wLSLd8%2FpuifKbzk0OYMdcdF%2FziKuqi6lvlwe2gIVAf2UAlXTdy6Sn%2F2yromYu89VyUXU2rqzz%2BUtVyNY26DaDUbsswxAhdD2m92XyCMoJ4MkHqdi3Q%2Fm8V2A5jR123nAwZbiixqaTKLzmIOkMehV9BZMIcmJywkR5Qyl4Eo5J991ZDk2nHMP4aHVCx%2FcONoE3uVxrykmdUCWVn8SXvu0QPtAMC8VRZxDY4cjIIz6rWwYjlE80KNwbfNxekQsGJejRksTXhzeKkynwlV5iG42bUw7qc8fYnz4xpLGH%2FIbbjPIb%2FKlIYx9cOQY6TlDqeGVLOeSKOhT4C2s%2B6eU3CGkZdneuJE8ebjNsvSg8nnw8g3ZxXc50eBITwugSNPH3Ok09sVpGw61BSdoQRvEGgfFlc5w%3D%3D&nvMid=29030294588&catId=50001519
Apple 아이폰 13 프로 맥스 128GB [자급제],"1,460,200원",https://cr.shopping.naver.com/adcr.nhn?x=0WxverZ31r%2Bu8hWy6%2BdTLf%2F%2F%2Fw%3D%3Ds7km%2FCQlgZO9LahSWkeI4xZEhRLNqQCs0d0R8IFzz05nrlQPyQuHoHFsppYbPEdHa8r6xi13XElde8LzQU%2FUFDLozA2N1%2BkidDtQWactl4JbrZF7PlqUhPLPae%2BpE%2Bdh5SuWHTYQ7ApXx6Mh1OtbTRoZnlrSZr8PDPdBCvs8uWtdeJxHcKH4rYUhc5SxvGs%2FQSXguFJgQGIjGySQxxNILZyJO7jbxAC%2FhHJnJbE9pD225SET%2FmTh%2Bwr3iKnDGr9FRWUJUkf7xYE2%2FJeqauZ9Bz127HyYErJyx8%2FLPKNhFVu4QhkkHXK4%2FmSRy5icYE%2F27BW36r4QZshREfg%2B3vq7RNqv9lmKaK6yUhqAUeS2jnMzUQvs8GHq%2Bj7OvUNvyviyxS6nKoqtur6iGShqz9U6Fbu4grDpiDWcjNf4Cbyqxul8EdLuJh13gFOuABI1Cabywr1zQ3TaGfkdsxOv%2Bp53WSph2%2B170Lc%2Fh1s0cur%2FyDfm9lbCAHUgYx7U3V2HOvd43o64ifB9DVeZ8ffla9GlFdjN1N8Q0UbI7dffulxtHXsISmmQeQgsYoS4vaPWuE6BdEs8cFUTVf2EXpmSuc9bAhFjFi7MiV9iCs2vd7KFhn9WXPfLkMxHc5Th%2BcFMW%2FMiAQdAiJdwXirBRdnaxfvrBbw%3D%3D&nvMid=29030367587&catId=50001519
Apple 아이폰 13 미니 512GB [자급제],"1,302,720원",https://cr.shopping.naver.com/adcr.nhn?x=6YKn0fyCxZHDeqB0%2FyZ1av%2F%2F%2Fw%3D%3Dsc2k2mwbxpEefmyuxZpKVfqMQMxK7lfhq4UybHUry2FDrlQPyQuHoHFsppYbPEdHaywt5p2wDub57fVb75tnicseSOl%2B6Acrw7%2BsGJmwlokDrZF7PlqUhPLPae%2BpE%2Bdh5SuWHTYQ7ApXx6Mh1OtbTRoZnlrSZr8PDPdBCvs8uWtdeJxHcKH4rYUhc5SxvGs%2FQ5eJoxHy7F9pVayzIa84fuyJO7jbxAC%2FhHJnJbE9pD225SET%2FmTh%2Bwr3iKnDGr9FRWUJUkf7xYE2%2FJeqauZ9Bz127HyYErJyx8%2FLPKNhFVu4QhkkHXK4%2FmSRy5icYE%2F27BW36r4QZshREfg%2B3vq7RNgzZgZ13pSzW0iE%2F9eaNSKTUQvs8GHq%2Bj7OvUNvyviyxS6nKoqtur6iGShqz9U6FbgoPcrS0J7s4UHpLvPNkiegEdLuJh13gFOuABI1Cabywr1zQ3TaGfkdsxOv%2Bp53WSkCBhDVasZAj2bxx%2FJ5c4dDPU6pntGCurhu%2FV8uonTYh5X6MB3JdbnBohOi8QY2msooeTrbttgl2rZTQsw4Dpy0embmYHaJvwnVpEsMiQeu0a8sniWpNpamEJNe0IQ1DgN268xtpSa29%2BoePGcEezMDke%2FVP%2BgM94BPZkP5YJ%2Bex&nvMid=29030296587&catId=50001519
Apple 아이폰 13 프로 512GB [자급제],"1,643,450원",https://cr.shopping.naver.com/adcr.nhn?x=ynaR38FXjyV7jv73uPSa7v%2F%2F%2Fw%3D%3DsZTbPC1UwaiSG1gJKnpdeH%2F2682f3Nnf56K2lTQseaFTrlQPyQuHoHFsppYbPEdHa06iyScShR4NdqoMgaA0EEzPZeQ7VjUmmnRdWaedG53zrZF7PlqUhPLPae%2BpE%2Bdh5SuWHTYQ7ApXx6Mh1OtbTRoZnlrSZr8PDPdBCvs8uWtdeJxHcKH4rYUhc5SxvGs%2FQ4JqcN%2FBxxv5wjdahLDrWxyJO7jbxAC%2FhHJnJbE9pD225SET%2FmTh%2Bwr3iKnDGr9FRWUJUkf7xYE2%2FJeqauZ9Bz127HyYErJyx8%2FLPKNhFVu4QhkkHXK4%2FmSRy5icYE%2F27BW36r4QZshREfg%2B3vq7RNkrNF6BjD7w1%2BfYSYE8ifpLUQvs8GHq%2Bj7OvUNvyviyxS6nKoqtur6iGShqz9U6Fbj%2BC5IedpcH5QnqiYVB%2FA2AEdLuJh13gFOuABI1Cabywr1zQ3TaGfkdsxOv%2Bp53WSgYUG%2FO4Ti9LGeGGovFy4O7PU6pntGCurhu%2FV8uonTYh5X6MB3JdbnBohOi8QY2msqjq2TuGkuotc5QTT0tP6v%2Fa6PeG1b1mNpNE%2FLBATOKKYX%2BM1FAz4mN7L2fGUTypArxVHCNif07xaHUU6onD1shXc50eBITwugSNPH3Ok09sVpGw61BSdoQRvEGgfFlc5w%3D%3D&nvMid=29030416587&catId=50001519
Apple 아이폰 13 프로 맥스 512GB [자급제],"1,803,840원",https://cr.shopping.naver.com/adcr.nhn?x=crjxQm08yWEBm19ldw9Uav%2F%2F%2Fw%3D%3DsxP22NfRYKtdeLBHUqPiX6Crl%2Bj5q2ACwx8MYynIn4c%2BGgjNtjvRyY8TaEm3AQ5UwW8NuIIy1oS7urvf5wN1lHOo490n%2FRk6SjqKO0r%2F7%2F7QkIWq27rmzJ7rPRNwlyziAHNVJxSsANVRXyMXcoXlJOd9%2BKy%2Fm0d%2BgYWHtEf61Jo5CNclKwvLyA%2Fys%2F%2FHPPajLTOU9n1bTq7tWXjznfA1Q12NmcbgLr0lu2cCLGgyX7c9vsepmwRk8o%2FCB4DgHhnjVJtMjADnu9EQlSjgetHbs8mBvozsGKuKOevobNYa1JmIHs%2F2PHkpmvWjL2qy1nHub0zQK45UCPANiydIXfT2BWiKOFyKhr2rm03hAGMylbGr1QQzCLreNp8sjPDBjStixlfxinuJIcXbelONAuMrnG9L60K7w3RootRi5qyN45X9FiBdPxTSuvYOb67FAYBAGpxy2zgNMJa1at1GSrSd0QLbuzmWacN92LOvitfD%2BwvUN%2FOXq06xFLlMCwNDQObjPLcqEhOiscytOptfh0D9%2BAkk16oed1GXrY9sZ4sGAaI6ge2h8ZsImy1MtwMhZo8cMv4YGjJCSIW1IvBxXT1wG99h9nA0etXZypHzJV6QXbIxjtEEnHZo%2B%2FVuCJHvsmHjrDVCYCaeglF2rgr1u2OQIzQ%3D%3D&nvMid=29029192586&catId=50001519
Apple 아이폰 13 프로 맥스 1TB [자급제],"2,060,160원",https://cr.shopping.naver.com/adcr.nhn?x=0TqAtNPK%2FO8HSMS8rOoNsP%2F%2F%2Fw%3D%3DsMJ9thbdmVOf00p7Jee8nbbXedi7ydZ2ytZq15wNnNtnrlQPyQuHoHFsppYbPEdHauhGLbJ1UBtoSjCdk4%2B061eTubKoN7rR2Q7VQmc27Vu3rZF7PlqUhPLPae%2BpE%2Bdh5SuWHTYQ7ApXx6Mh1OtbTRoZnlrSZr8PDPdBCvs8uWtdeJxHcKH4rYUhc5SxvGs%2FQpzgsJ2kpGxXbBjzCtpBxWyJO7jbxAC%2FhHJnJbE9pD225SET%2FmTh%2Bwr3iKnDGr9FRWUJUkf7xYE2%2FJeqauZ9Bz127HyYErJyx8%2FLPKNhFVu4QhkkHXK4%2FmSRy5icYE%2F27BW36r4QZshREfg%2B3vq7RNoe5L96JF9hRFtEZJm5LBnvUQvs8GHq%2Bj7OvUNvyviyxS6nKoqtur6iGShqz9U6FbrnuifVNEmIlG8NAGmDbIe8EdLuJh13gFOuABI1Cabywr1zQ3TaGfkdsxOv%2Bp53WSph2%2B170Lc%2Fh1s0cur%2FyDfkUOWN9OD4ZGbyjxtdt5BjzuwP9L0j7YvHB2OKNn2rLcJVPqN5HXK5km94mKbBs5SWAB7ILlmHcXkLjMVOfAnHY%2BgtF15PMkmjkNDmi88yMRShADYnzpEcSzeW2yxMCZND0UbNk5di1V8jUMbmtHii%2FBq7h9PA5SrIXrcWPClBGWw%3D%3D&nvMid=29029192590&catId=50001519
Apple 아이폰 13 프로 1TB [자급제],"1,895,200원",https://cr.shopping.naver.com/adcr.nhn?x=iR5GQNHlF%2FBSwphmW1K5rv%2F%2F%2Fw%3D%3DsF%2BHGzkifv3swQtA1jpJ8pz1QMnT5r38MZlMUBwYG7opN4NgkrPIjlczCBjhk2dSMt7OvGlBLThIiPcHmPRiofWbsnwmNHeQdYOk2aMLu%2FUJ6PCI7awQl21dHm5z%2FJuuZUYCOevbAde8ItN%2FkNx%2Baesv%2BjB2erv%2BZ%2Brrs5VHOiTQgGE7%2BZatKjf5hEf1XctkKCqMGcFvs80%2Bm9t1aozn63JbkCnZt3PKDnGtnPfTpWXV9gLRMuJH34gK%2BdKxxm2wLSLd8%2FpuifKbzk0OYMdcdF%2FziKuqi6lvlwe2gIVAf2UAlXTdy6Sn%2F2yromYu89VyUxQykTC15u4AB%2FU4bHc7JbsvUp7U0Cc56G9AZo5wF3M3qdi3Q%2Fm8V2A5jR123nAwZ1e5lF9HDBfdoKpK57iPmYsIcmJywkR5Qyl4Eo5J991ZDk2nHMP4aHVCx%2FcONoE3uVxrykmdUCWVn8SXvu0QPtALJPdorhjhh79bCXm5BZ7GE4FQdvRmo7oxOSvwywmch%2BPn%2F0%2FsFFiwjT7S5BsR0E1ZmOX8OMWGElTTy0lfyBCkRpOFzCbaM6OU97uoPifjrJAwai7rqYXAC0mI1UGDV53P9PWAbW6EPlV2hoz28L8GCqA6%2BrrPkSkQjk3bFq%2FUy&nvMid=29029192588&catId=50001519
Apple 아이폰 13 미니 128GB [LG U+],"85,890원",https://cr.shopping.naver.com/adcr.nhn?x=8pPKMuYp98xn6ziFIC%2FuAP%2F%2F%2Fw%3D%3DsrQDK7t62g4XhtVvCDdVGeAbM58ZqRJSzeD3hTFhjLhxN4NgkrPIjlczCBjhk2dSMpaKE2nKVCK5s72y5r8qjS2bsnwmNHeQdYOk2aMLu%2FUJ6PCI7awQl21dHm5z%2FJuuZUYCOevbAde8ItN%2FkNx%2Baesv%2BjB2erv%2BZ%2Brrs5VHOiTQgGE7%2BZatKjf5hEf1XctkKisqvSGbN8uI5tCa8RDIL0JbkCnZt3PKDnGtnPfTpWXV9gLRMuJH34gK%2BdKxxm2wLSLd8%2FpuifKbzk0OYMdcdF%2FziKuqi6lvlwe2gIVAf2UAlXTdy6Sn%2F2yromYu89VyUkhsvzuLsg%2F9h0pUkCyS0NjF2kSGyLzaXrG9qwTQ5h4FcNZN5FF46Jqg7fDWNj5CaKOdai8jGSoEHuxDqOfEbY4BD40iqWaNeYMpOus5JTYBDk2nHMP4aHVCx%2FcONoE3ucOT%2BRsdnHIzNMGl8g3WFM%2B8amjoCusIYcsolWg3Wz%2FvyNHyBUXwWVD2ki0TxnNzyojqSQKemqiiivQnxCTLaNAR%2B2bS4Xn26XI1uUk7rROe%2FhgaMkJIhbUi8HFdPXAb3yyCKaf%2FWgrnjkGh45XtDV2O0QScdmj79W4Ike%2ByYeOsNUJgJp6CUXauCvW7Y5AjN&nvMid=29030431586&catId=50000248
Apple 아이폰 13 512GB [자급제],"1,318,900원",https://cr.shopping.naver.com/adcr.nhn?x=jbUWYyjs36POW%2FNjHY4l1v%2F%2F%2Fw%3D%3DsMh7a4B4oRNrxQsHuKL%2Fn0n73aPROpL6lS%2FZYEFe7dkfrlQPyQuHoHFsppYbPEdHaGlG2xdELW4MMropwNHA31nyiyIkc7%2F6StrGtfmpt0ePrZF7PlqUhPLPae%2BpE%2Bdh5SuWHTYQ7ApXx6Mh1OtbTRoZnlrSZr8PDPdBCvs8uWtdeJxHcKH4rYUhc5SxvGs%2FQHwf5O79l1TmN7zCe7XuE%2FiJO7jbxAC%2FhHJnJbE9pD225SET%2FmTh%2Bwr3iKnDGr9FRWUJUkf7xYE2%2FJeqauZ9Bz127HyYErJyx8%2FLPKNhFVu4QhkkHXK4%2FmSRy5icYE%2F27BW36r4QZshREfg%2B3vq7RNi0%2BxyhO1oFHHMGqlmHIP%2FnUQvs8GHq%2Bj7OvUNvyviyxS6nKoqtur6iGShqz9U6FbpJ7V5fUZH4IQE3wQoHsyyUEdLuJh13gFOuABI1Cabywr1zQ3TaGfkdsxOv%2Bp53WStYrmhd6z3mr51lBlAzJFvLL%2FnGINkSYp%2Bd2xAAY7UDnZuR%2BZ455CVM%2FNW%2BY1%2F9iKztciWI8z%2FUryIM6tGrVPi5icchwRNwmJ84TyxvjggzFASNwTkSjcj%2Fd7ptyvvyibO36EtJ1Bsp0zZ6uMa%2BE7%2F0OEsHC78VBLnFZh%2FnDobeN&nvMid=29030496586&catId=50001519
Apple 아이폰 13 프로 256GB [LG U+],"831,690원",https://cr.shopping.naver.com/adcr.nhn?x=B77SSTa307UTXpDYBm49F%2F%2F%2F%2Fw%3D%3Dsxqda%2BfSzgEzeeG8ET%2FfqfkLFe7Nj4MgnfMKUiUD51cvrlQPyQuHoHFsppYbPEdHaAVXWeNZjQoEx9aDPA0mQqjCNoioUtQArrw2irrajidfrZF7PlqUhPLPae%2BpE%2Bdh5SuWHTYQ7ApXx6Mh1OtbTRoZnlrSZr8PDPdBCvs8uWtdeJxHcKH4rYUhc5SxvGs%2FQIOdN8lTPKVMrj7SCkjvoUSJO7jbxAC%2FhHJnJbE9pD225SET%2FmTh%2Bwr3iKnDGr9FRWUJUkf7xYE2%2FJeqauZ9Bz127HyYErJyx8%2FLPKNhFVu4QhkkHXK4%2FmSRy5icYE%2F27BW36r4QZshREfg%2B3vq7RNrYwYOKBfze0nUVlW9QBGKbUQvs8GHq%2Bj7OvUNvyviyxeoI3z%2BL14z9v%2Fx%2BL9Zw%2FKkAYb84X6P6evVlwEmIJJLQEdLuJh13gFOuABI1Cabywr1zQ3TaGfkdsxOv%2Bp53WSsISsS%2BCTbLI5Q3DJYN6lKb5YbLlxragaaIQX6kJDBj8D6QkZjCZcMNTR4jeTmX45ZUwuIhWSC%2FJJScEpHFMyIYNauEcRynSn%2F8orOK7nc90feCJcgXCS0eH0eeTJ9mVyK%2F94HT%2B1ejHoxHmK8EFiYLLVWGr8fvvH1mWvUgXPK6j&nvMid=29030415586&catId=50000248
Apple 아이폰 13 미니 256GB [LG U+],"192,990원",https://cr.shopping.naver.com/adcr.nhn?x=xehoMm8VOo%2BwyfJ%2BciIIV%2F%2F%2F%2Fw%3D%3DsPpnCOTOBAwwQTvBI1%2Fs97rjRW%2B5B%2BTq6v%2BbsP2yub6tN4NgkrPIjlczCBjhk2dSMpx3%2BG6%2F%2BvcYCu%2BfRbFj46mbsnwmNHeQdYOk2aMLu%2FUJ6PCI7awQl21dHm5z%2FJuuZUYCOevbAde8ItN%2FkNx%2Baesv%2BjB2erv%2BZ%2Brrs5VHOiTQgGE7%2BZatKjf5hEf1XctkKrBO%2BI5shhGHe%2FIKwYV1gG5bkCnZt3PKDnGtnPfTpWXV9gLRMuJH34gK%2BdKxxm2wLSLd8%2FpuifKbzk0OYMdcdF%2FziKuqi6lvlwe2gIVAf2UAlXTdy6Sn%2F2yromYu89VyUqoMA6irfdsoLKabq%2BGEPvOMfFvWHD0Q4CTduBKDGhs5cNZN5FF46Jqg7fDWNj5Ca5P%2BxC0UZTSDbeFieBzOyzZkK4pYNbudh0sE02LoO35dDk2nHMP4aHVCx%2FcONoE3ucOT%2BRsdnHIzNMGl8g3WFM5Qad5K03cEQZUE2xf7MbxDyNHyBUXwWVD2ki0TxnNzyDYzfUMBJX%2BZ%2BBkRoR%2Fh87u2aLfREQKKcyxWctU1GWDH6C0XXk8ySaOQ0OaLzzIxF9OGoc0gueLU5qwJlInX0DvRRs2Tl2LVXyNQxua0eKL8GruH08DlKshetxY8KUEZb&nvMid=29030376589&catId=50000248
Apple 아이폰 13 프로 128GB [LG U+],"631,990원",https://cr.shopping.naver.com/adcr.nhn?x=UrlzcSPQJwtpILFHG9c%2Bb%2F%2F%2F%2Fw%3D%3Dsl1IfOY9TxTVvTI2FYGH6QJjyUG7ePLjwKJ%2B90KUkYxXrlQPyQuHoHFsppYbPEdHa3MLzGSx2kK9kIUOY6hFOym%2FKdR8aW%2FQVqAvpYlubxhvrZF7PlqUhPLPae%2BpE%2Bdh5SuWHTYQ7ApXx6Mh1OtbTRoZnlrSZr8PDPdBCvs8uWtdeJxHcKH4rYUhc5SxvGs%2FQe6UgzuKFJwGoGXcDYg5YYCJO7jbxAC%2FhHJnJbE9pD225SET%2FmTh%2Bwr3iKnDGr9FRWUJUkf7xYE2%2FJeqauZ9Bz127HyYErJyx8%2FLPKNhFVu4QhkkHXK4%2FmSRy5icYE%2F27BW36r4QZshREfg%2B3vq7RNj5AqV%2BXh%2BsyYpoUFgodDQTUQvs8GHq%2Bj7OvUNvyviyxeoI3z%2BL14z9v%2Fx%2BL9Zw%2FKrR9FKy8z7W2%2BYb%2Fp77jVkcEdLuJh13gFOuABI1Cabywr1zQ3TaGfkdsxOv%2Bp53WSh1x3ZHEX3cnenvBUrcEg5P5YbLlxragaaIQX6kJDBj8D6QkZjCZcMNTR4jeTmX45QAbxYSx8pA9QV7DhKLfPj0NauEcRynSn%2F8orOK7nc901MF2IvjnRAUwxnkCe3B8FFpj9cCdtd4Lu%2FP8ZfDcbxvLVWGr8fvvH1mWvUgXPK6j&nvMid=29030175590&catId=50000248
Apple 아이폰 13 128GB [LG U+],"422,990원",https://cr.shopping.naver.com/adcr.nhn?x=%2FpjvD58kuu8H3GZ0UcnYZf%2F%2F%2Fw%3D%3DsZ1TrQjPomQW9FG%2FjCpp5inkvdDhRexm%2Fn07ljT6mdtiGgjNtjvRyY8TaEm3AQ5Uwl8RYARYZiFEf4beEUzOeOuo490n%2FRk6SjqKO0r%2F7%2F7QkIWq27rmzJ7rPRNwlyziAHNVJxSsANVRXyMXcoXlJOd9%2BKy%2Fm0d%2BgYWHtEf61Jo5CNclKwvLyA%2Fys%2F%2FHPPajLF5xNEd4OxamWQ%2BcHLqvQ1mNmcbgLr0lu2cCLGgyX7c9vsepmwRk8o%2FCB4DgHhnjVJtMjADnu9EQlSjgetHbs8mBvozsGKuKOevobNYa1JmIHs%2F2PHkpmvWjL2qy1nHubGzaL2cnn1I3djCFat8JSyltPAWQOzp17k9HwOF%2BDKv%2F1QQzCLreNp8sjPDBjStixj1OT%2BvUJUOEzwKKBwf%2FstQkGHMdvFyZLkC0CpI%2FWUflFiBdPxTSuvYOb67FAYBAGicyoxpgWhb%2FJFrbN3vpwUz5hL%2F4sdg5HboNlguiWgZhBskTaofqwA6IQD8JZOZb73qfc1YJqdrMTl%2F9Y0EPYBQzBaJRof88vNvHdHfl81%2F88ZVFp5CRRjL%2Bql1lgPvFwLebm7GE62F08OZAyKKMTYVdznR4EhPC6BI08fc6TT2xWkbDrUFJ2hBG8QaB8WVzn&nvMid=29030372586&catId=50000248
Apple 아이폰 13 미니 512GB [LG U+],"478,990원",https://cr.shopping.naver.com/adcr.nhn?x=I%2BsbNoqPtpci0%2BszP87lHv%2F%2F%2Fw%3D%3DsaIV9UlTNXjsT9ZDi%2FDlsMv%2FnsauLYSRZeMH4E925ByZN4NgkrPIjlczCBjhk2dSMKGnd3sOllxhxS1bp7FcNiWbsnwmNHeQdYOk2aMLu%2FUJ6PCI7awQl21dHm5z%2FJuuZUYCOevbAde8ItN%2FkNx%2Baesv%2BjB2erv%2BZ%2Brrs5VHOiTQgGE7%2BZatKjf5hEf1XctkKiUcxJt3KuQoVz4dC4LwqcZbkCnZt3PKDnGtnPfTpWXV9gLRMuJH34gK%2BdKxxm2wLSLd8%2FpuifKbzk0OYMdcdF%2FziKuqi6lvlwe2gIVAf2UAlXTdy6Sn%2F2yromYu89VyUTZT%2FhbQar5iz3g3I%2FfN8aJB%2FKKnwcoPAxdTPkL5GZ%2B9cNZN5FF46Jqg7fDWNj5Ca4q6P%2F1zldmQpKNpg8dHpqYBD40iqWaNeYMpOus5JTYBDk2nHMP4aHVCx%2FcONoE3ucOT%2BRsdnHIzNMGl8g3WFMwWnVScQ%2FFP%2BU18lL4YI%2F9byNHyBUXwWVD2ki0TxnNzyxAb99Y%2F8jrTJqzsGmPzyVUB0m1nL%2BW%2BU9oSVooWfLpr6C0XXk8ySaOQ0OaLzzIxFYY14QmbWGsO8ip2JAqv2svRRs2Tl2LVXyNQxua0eKL8GruH08DlKshetxY8KUEZb&nvMid=29030419586&catId=50000248
Apple 아이폰 13 프로 맥스 256GB [LG U+],"1,031,190원",https://cr.shopping.naver.com/adcr.nhn?x=aBN0PzTV0sU9M36i3v1pff%2F%2F%2Fw%3D%3DsgcrIbTLG6mthh90kUVI8KJa6H2clXCCTX0jf%2BuioCNxN4NgkrPIjlczCBjhk2dSMj%2F0KWFU1NH0i6LRDkXly42bsnwmNHeQdYOk2aMLu%2FUJ6PCI7awQl21dHm5z%2FJuuZUYCOevbAde8ItN%2FkNx%2Baesv%2BjB2erv%2BZ%2Brrs5VHOiTQgGE7%2BZatKjf5hEf1XctkKueIgl4DaUtF5%2B1EuLRDA5JbkCnZt3PKDnGtnPfTpWXV9gLRMuJH34gK%2BdKxxm2wLSLd8%2FpuifKbzk0OYMdcdF%2FziKuqi6lvlwe2gIVAf2UAlXTdy6Sn%2F2yromYu89VyUFWlDBqagvFDKd2SQLLqcgadi%2FXcW3EGYYmur9gETpulcNZN5FF46Jqg7fDWNj5CauzkNoPc%2FQ%2Bo56VwvVNV8IIBD40iqWaNeYMpOus5JTYBDk2nHMP4aHVCx%2FcONoE3uVxrykmdUCWVn8SXvu0QPtAMC8VRZxDY4cjIIz6rWwYgZyVXP8MBx51PcdtMFtsvBK2ud1b%2BfZwYPU0n%2BzLfOdQrpflT1ezRhMcvJeYwXaHZPwCXFJiRdosf3os3K%2FWn1LrN4FW4n%2FWSK6fBrtrgBAnAL2i%2FAoSzmzfFM3mCGxSXNjqh%2FZemCCOboDhnweAmG&nvMid=29030190586&catId=50000248
Apple 아이폰 13 프로 맥스 128GB [LG U+],"898,990원",https://cr.shopping.naver.com/adcr.nhn?x=TBRBelALZGrTGG6cs1uFs%2F%2F%2F%2Fw%3D%3DscS6ccgvEWuKeo%2B4mIoN8HlEFMMhoX4MRZBAd6lHbCyqGgjNtjvRyY8TaEm3AQ5UwsNN6%2B65%2ByryRIon8D1rIFOo490n%2FRk6SjqKO0r%2F7%2F7QkIWq27rmzJ7rPRNwlyziAHNVJxSsANVRXyMXcoXlJOd9%2BKy%2Fm0d%2BgYWHtEf61Jo5CNclKwvLyA%2Fys%2F%2FHPPajLZ82JrS6jePl12o%2F1%2Fp43c2NmcbgLr0lu2cCLGgyX7c9vsepmwRk8o%2FCB4DgHhnjVJtMjADnu9EQlSjgetHbs8mBvozsGKuKOevobNYa1JmIHs%2F2PHkpmvWjL2qy1nHubwkb681ugFcpL8aKXTSzhQLz%2Fujisk1GP685tIEOif%2Fj1QQzCLreNp8sjPDBjStixj1OT%2BvUJUOEzwKKBwf%2FstVH7IO5mz83fSiUkSXQZVytFiBdPxTSuvYOb67FAYBAGpxy2zgNMJa1at1GSrSd0QN4u9dXHHCExaTB3By%2FzhJj%2FzaVgfXndF2fkBs0qzZTvfpF8bfclcJjAeddKIqLqoMJairTo7%2F3aEGi6hFVtr8gUsqiq%2BaRdh19ZzFGBbFc8NRz%2F1p7y%2F7BkKr1T4lvKTaW9tmkg3AhvyGU3J8TZgpnke%2FVP%2BgM94BPZkP5YJ%2Bex&nvMid=29030352586&catId=50000248
Apple 아이폰 13 프로 512GB [LG U+],"1,173,190원",https://cr.shopping.naver.com/adcr.nhn?x=pEjYvzBsjlJ%2BJeKmh5q%2Fqf%2F%2F%2Fw%3D%3DsHbQintKYOPdQ41OqhXF0yepNCh2OxbJurxYoa3kgXHzrlQPyQuHoHFsppYbPEdHaDB0ADBnxnRRvZDIs%2BVvOGP8gh3%2BMjQByY4v%2BHiOhHZrrZF7PlqUhPLPae%2BpE%2Bdh5SuWHTYQ7ApXx6Mh1OtbTRoZnlrSZr8PDPdBCvs8uWtdeJxHcKH4rYUhc5SxvGs%2FQSPWiJ7SXrJmKgRhytiKLlyJO7jbxAC%2FhHJnJbE9pD225SET%2FmTh%2Bwr3iKnDGr9FRWUJUkf7xYE2%2FJeqauZ9Bz127HyYErJyx8%2FLPKNhFVu4QhkkHXK4%2FmSRy5icYE%2F27BW36r4QZshREfg%2B3vq7RNkKCzbESQOntnbDCw%2FCv0tHUQvs8GHq%2Bj7OvUNvyviyxeoI3z%2BL14z9v%2Fx%2BL9Zw%2FKgVLeMiVXYeZJHMK4Qy1jbEEdLuJh13gFOuABI1Cabywr1zQ3TaGfkdsxOv%2Bp53WSoxqwZBF0bVSsXUQll%2Baosn5YbLlxragaaIQX6kJDBj8D6QkZjCZcMNTR4jeTmX45agZVyzAfqmXaYYj1x4BblGtqaMHAJkj0DAJXiYJNZCZqKiG7CmVWH%2BJffZiakNt%2BXlhVhRDTpnQkMcOLA0e111oaKZHilHbuauHUigNM5KA&nvMid=29030295586&catId=50000248
Apple 아이폰 13 256GB [LG U+],"542,990원",https://cr.shopping.naver.com/adcr.nhn?x=K8kFXdWFNbD%2FzEV1qKQskP%2F%2F%2Fw%3D%3DsBTpnoltuf6CCKmNZg9joo8KsDZEzig%2BoVu0MzFQgD2iGgjNtjvRyY8TaEm3AQ5UwOs1lQHK%2F3u335dxr%2FbFXX%2Bo490n%2FRk6SjqKO0r%2F7%2F7QkIWq27rmzJ7rPRNwlyziAHNVJxSsANVRXyMXcoXlJOd9%2BKy%2Fm0d%2BgYWHtEf61Jo5CNclKwvLyA%2Fys%2F%2FHPPajLNElogZd7xdnjun%2FvFIpdkWNmcbgLr0lu2cCLGgyX7c9vsepmwRk8o%2FCB4DgHhnjVJtMjADnu9EQlSjgetHbs8mBvozsGKuKOevobNYa1JmIHs%2F2PHkpmvWjL2qy1nHubweD8Cf%2F1j0k8GtY5CkgCIa1PVBV%2BiSyM%2Ba3XFPG6DSD1QQzCLreNp8sjPDBjStixj1OT%2BvUJUOEzwKKBwf%2Fstc3TMKfDPuSjd8cGIdbb5jZFiBdPxTSuvYOb67FAYBAGCXV2B8r6mc9GdpPVxGCf8U8nkK7045HdcbXgl2QuhmRBskTaofqwA6IQD8JZOZb7LjNO7Bk%2FkLZttcK1wT8tNAzBaJRof88vNvHdHfl81%2F9z52ZBBYsPeJpbUlCx6RKWPJhJsHPtryTYo8on0hdN71aFndIwdNwuWmKtx1HNSCrUkiyUGZ3FpPHvE7X48%2Bhb&nvMid=29030189588&catId=50000248
Apple 아이폰 13 프로 맥스 512GB [LG U+],"1,305,190원",https://cr.shopping.naver.com/adcr.nhn?x=cDJO0a6QNlV2deDx0yT8y%2F%2F%2F%2Fw%3D%3Ds8f392eTmOyemb0KlVWnRbFm9IwPA47E6a5IEZUpBW%2BDrlQPyQuHoHFsppYbPEdHa7SXhQJ5kgGfrNIpRuZ2cbIlohU3KzMA9kSzstM7ds73rZF7PlqUhPLPae%2BpE%2Bdh5SuWHTYQ7ApXx6Mh1OtbTRoZnlrSZr8PDPdBCvs8uWtdeJxHcKH4rYUhc5SxvGs%2FQ4mhrqoyUBRFf4NTE8brPnyJO7jbxAC%2FhHJnJbE9pD225SET%2FmTh%2Bwr3iKnDGr9FRWUJUkf7xYE2%2FJeqauZ9Bz127HyYErJyx8%2FLPKNhFVu4QhkkHXK4%2FmSRy5icYE%2F27BW36r4QZshREfg%2B3vq7RNl6sxY3vF41oCdG10lhzyUvUQvs8GHq%2Bj7OvUNvyviyxeoI3z%2BL14z9v%2Fx%2BL9Zw%2FKl2FIVl8pyY4QZ56Kk3pFgMEdLuJh13gFOuABI1Cabywr1zQ3TaGfkdsxOv%2Bp53WSsJAdVJBQjLvH97jzqUKE8g2jlmQ9NlHBgdsAwMWaovqSZv9Z3vZVGXYiyeb1%2FD5s1J9ITVvpI89BM5YGHtfLIFsapz1VfJYnj1lYGASE3dgj%2FaM5nVf1rOXk0fVU4woWyLHKwn%2FycySEXhwJ7MDZDpvU2Y6hEEwGxc1AZfON9sL4VRAH%2BsMDObarUodGweR8Q%3D%3D&nvMid=29030181590&catId=50000248
Apple 아이폰 13 512GB [LG U+],"909,990원",https://cr.shopping.naver.com/adcr.nhn?x=HWGOv9suYjzCXvQQx50nKv%2F%2F%2Fw%3D%3Dst73zfAuSRRzdqhsHhwtA1Y19grgzhtW9ByOvPxwlg%2F9N4NgkrPIjlczCBjhk2dSMaAntAZlmOGzlTcprA6EVKGbsnwmNHeQdYOk2aMLu%2FUJ6PCI7awQl21dHm5z%2FJuuZUYCOevbAde8ItN%2FkNx%2Baesv%2BjB2erv%2BZ%2Brrs5VHOiTQgGE7%2BZatKjf5hEf1XctkKXL18pcfZrfPmJYHNtafSOZbkCnZt3PKDnGtnPfTpWXV9gLRMuJH34gK%2BdKxxm2wLSLd8%2FpuifKbzk0OYMdcdF%2FziKuqi6lvlwe2gIVAf2UAlXTdy6Sn%2F2yromYu89VyUXDogfqvIVJNYHa6QzjCbIZ%2BoPuTX03pc0Nnb8eKur4BcNZN5FF46Jqg7fDWNj5Ca1HqFh1ogdBT1KPHTw%2FRddoBD40iqWaNeYMpOus5JTYBDk2nHMP4aHVCx%2FcONoE3uxvd4FH7C8HSLdi0kmjPZ%2FOksp9XuUdeQZ9g2FaJQ4%2B0g1HDVA0X848ldvn7fnwtgLDfJOYANYsWH4L4Qu%2FPeju9barVkGm5X%2F%2B%2B0pSBMYeeumZcomvEqvu13CeFvjQRKHngwaWdb5QNc3R7Wc%2BDDnMcgIRCk8vtGb7Z%2FKGMSEdE%3D&nvMid=29030296586&catId=50000248
Apple 아이폰 13 프로 1TB [LG U+],"1,426,190원",https://cr.shopping.naver.com/adcr.nhn?x=5eplSgEFhym9ql2oNYuiCv%2F%2F%2Fw%3D%3Ds8WkSueKTwPpBhsk5Clmsf92rRxdy7Aq%2FO6DoF%2BlP7e9N4NgkrPIjlczCBjhk2dSM4QWVvNgw591k2kyHdx28DmbsnwmNHeQdYOk2aMLu%2FUJ6PCI7awQl21dHm5z%2FJuuZUYCOevbAde8ItN%2FkNx%2Baesv%2BjB2erv%2BZ%2Brrs5VHOiTQgGE7%2BZatKjf5hEf1XctkKmXFie4VecjztgKjvLpljfZbkCnZt3PKDnGtnPfTpWXV9gLRMuJH34gK%2BdKxxm2wLSLd8%2FpuifKbzk0OYMdcdF%2FziKuqi6lvlwe2gIVAf2UAlXTdy6Sn%2F2yromYu89VyU%2Bf4vuZn%2B7Vh1R2KuI9OBqiO5WrQ7d9xrTlUpDkwOLm1cNZN5FF46Jqg7fDWNj5CatNawEoFBRZxraZ3BGF9lK4BD40iqWaNeYMpOus5JTYBDk2nHMP4aHVCx%2FcONoE3uVxrykmdUCWVn8SXvu0QPtD1JrUGKOuDSyFHMM3XeuKtcZ8pgTGru4bgUYhRhw82xM8I7KJZuRQiX6u%2BamHV6c6aT6RY5qFxnYbWPtdynHw6%2FhgaMkJIhbUi8HFdPXAb3gYzpd6Z0WwSV4cENCjUPLGO0QScdmj79W4Ike%2ByYeOsNUJgJp6CUXauCvW7Y5AjN&nvMid=29030294586&catId=50000248
Apple 아이폰 13 프로 맥스 1TB [LG U+],"1,580,190원",https://cr.shopping.naver.com/adcr.nhn?x=x3c%2BG5kzrLATf6to%2BPSJHv%2F%2F%2Fw%3D%3Ds5Z0vDSNZeyRg5gvkFpqg5B3R5axszVw0I4zMHzJUqXFN4NgkrPIjlczCBjhk2dSMWumTcYGPD7Df8MXP48YIOGbsnwmNHeQdYOk2aMLu%2FUJ6PCI7awQl21dHm5z%2FJuuZUYCOevbAde8ItN%2FkNx%2Baesv%2BjB2erv%2BZ%2Brrs5VHOiTQgGE7%2BZatKjf5hEf1XctkKuApEuyM2TFAjemEIPKTZ5pbkCnZt3PKDnGtnPfTpWXV9gLRMuJH34gK%2BdKxxm2wLSLd8%2FpuifKbzk0OYMdcdF%2FziKuqi6lvlwe2gIVAf2UAlXTdy6Sn%2F2yromYu89VyUTxbTG9SNt0xqX1FFbBGBcE0u9k8Bo%2FJXNKhDo%2FjmIA9cNZN5FF46Jqg7fDWNj5Caa2vd%2FXaDWpJAZi1tHFy9yrFJegG5cjolqXymF9sHTJBDk2nHMP4aHVCx%2FcONoE3uVxrykmdUCWVn8SXvu0QPtCxGLb5usdZfjKZzVSZ1kl0OTnITeXUIiGAT3tHOc0GbTKo5CnlLrO%2BPacbML5XxEXM1csQlCu9rsXMh6ogbo4cNauEcRynSn%2F8orOK7nc90kd5M5ZQWld7d0LzhxglyBB84VSrJENg1Wi61muNn6teFbDf4gHI5rSMJU1BWcIOg&nvMid=29030181587&catId=50000248
APLLE 아이폰13 미니 128GB 미개통 미개봉 새상품,"696,480원",https://cr.shopping.naver.com/adcr.nhn?x=eyJJpeu9057r6wd1frrNbv%2F%2F%2Fw%3D%3DsEZhP0ZDAFTrFW0q1J%2FmzF4ZLvhj1cOAeAYC3UumnSn%2BGgjNtjvRyY8TaEm3AQ5UwgRrW1cOY4oaER0mW7mf%2Fbuo490n%2FRk6SjqKO0r%2F7%2F7QkIWq27rmzJ7rPRNwlyziAUd%2BvEGL9AcvYLDQZRiP2T1DHuPCXPk7z4O3%2Bw2Pgn9helejFdkqFTSchcszRHkryP6zAhKAWbSZw6TKPmAlRRqCvU%2BCpGirmEUI81qFLmqJD1bMTbYp7CUEt1aZqRz5hYG%2BjOwYq4o56%2Bhs1hrUmYgez%2FY8eSma9aMvarLWce5uqNYhX0lwDmR2v%2FUCxwm47BFiOmRfTAoJPBGUo8YMfpth70KxtauexuiiD73hEv8hUgxsHUwOGFfIsLSd4Dxab%2BNDB0HzXp65yNnSXqPxP9o1lFcpQcYLTQkxB19IYykeVZ93Riz1C%2BjjeP8gxfsH9rNzxzi0eyulBsa3PWQZh9ug3ZlGswp3EfgA%2Fom6IrrClkX647Zdjjw9%2Br5Mcvp%2BaN2J6M3NR%2Ff1VrtedP5nljv%2F0LfzCLnmEyezTK6fQ3HnRyIcWcqiisAidHohY3OgStdvAN42%2Bhh4HUN95zqBV7mwi41qlR%2B%2FiSWmZZkhRjRgGruH08DlKshetxY8KUEZb&nvMid=29003990842&catId=50001519
Apple 아이폰 13 mini 자급제 256GB 핑크,"1,190,000원",https://cr.shopping.naver.com/adcr.nhn?x=AtOH7pm4Wx6FvsOLzimMRf%2F%2F%2Fw%3D%3DsO6nQtJO2OPqFX4v09Da9ej7oRr0UeN3cBc3ANhh%2FYNXrlQPyQuHoHFsppYbPEdHamP%2B8oKeHSbMFpMDZkBq7LDPZeQ7VjUmmnRdWaedG53zrZF7PlqUhPLPae%2BpE%2Bdh5SuWHTYQ7ApXx6Mh1OtbTRuPYFsKOGABFhj5ZzjFkFAeKjyp0s01e9YG50wI1msUPhccDuMc5z4LdpGHOH3GIHXqfAVVklzQGCd7bqx4WVMSHclbTWNWHDVPTcZA3%2FVZ6d%2FzT4WWzW4VLNLvBruoQJ4xsmTCkK7c4%2BP1lXv74dr2VTmVAQMBoXSsj5Y1uvZJWbKoTodOkWsDZWOHaFYMeNxVCx%2Fkgq6xYOHu5PPUB2ouk6v2w9jBqMGR4TTsgYaQnlII%2ByYYqWVu3SSXxcjEJdB%2FpAfQ4synh%2FQf%2FSqeQKDBAW7ixYLpcsqjM1QROR6OxYYyQomAOCRwvaXv4BU13v3tXaQoAUCwptnrJD3jDELFlHbYDqngaR0HlMSHta7qs%2F5kbqAgJTcAaa4G%2FpUDfUhE4Txv5SWPsJAmCiTWzURG7qhS9pr%2BM2CUgn2I0ALLGdTMfBRHHl%2BACi0MHpr%2BIH6V%2BqgCWBkRG63wmyfbbsCkXNye9k3akbXZcS5H%2FclHeQy6QRi2dI%2FzKcjDGUOusNZMmNFFTlfBKh79%2Fm04cxu2dAhplrsJwRy87JwXArQyRQdAiJdwXirBRdnaxfvrBbw%3D%3D&nvMid=29064819083&catId=50001519
Apple 아이폰 13 Pro Max 자급제 시에라 블루 128GB,"1,490,000원",https://cr.shopping.naver.com/adcr.nhn?x=8zdLzA8PdBVBi3vXMlz0N%2F%2F%2F%2Fw%3D%3DsXBbjFHVTryfJwkHyXBjreQnaWxOuaCL%2FQwwPcnIaxReGgjNtjvRyY8TaEm3AQ5Uw2l652c%2BwsrmHknni1v2FCOo490n%2FRk6SjqKO0r%2F7%2F7QkIWq27rmzJ7rPRNwlyziAHNVJxSsANVRXyMXcoXlJORzWbUP4hsfkDiMh%2FeiprrdhOluJ1tWQQiXRTgst1zfMd6bHlna6LOLB6PkUuNvGbi4w%2FJbZ%2Buwv5YSyAw8x5DA%2BxWWd0SvsoimSPkYgt0fjXjYTcM%2F06LGyDORJksnRXns%2FreGCpuFe33X9ZlI%2F9zNwSuXXLEBv6z%2B3q0lfq9JvfP2gKG1y7daqi0yP1uBxb127HyYErJyx8%2FLPKNhFVu4QhkkHXK4%2FmSRy5icYE%2F27ZC%2BSXUxwyLUckntucAABtcjhzlqsTJQ8fysCZyUkIOzf5TRm4ebkeqR55xTMCpWjARulEjYAPp7AsWWHhZEGKgNXfiJfqIzCyJBhWUkNbSWcED4m3eDgP3evEaHPdaQE6MWb8JNL6zKv%2FgBqmvVFbw%2BMPxsCj1dUWyTFhM7J5MXj8rA1kHc4dhq%2FPdvNYYo%2FE0nWCVNjak%2BDdTs8kOCfuSQez0lI7JQTS1tAXPjZLx%2F74zNeJo3DQ7djU3xpm6z%2FZTc3SRYJKEdTDi92W%2BhFhdb6wWSYkrEEkTNGMD1H1jFLUEfli1Fx%2FoeUunEd8MCO5Hv1T%2FoDPeAT2ZD%2BWCfnsQ%3D%3D&nvMid=30797875281&catId=50001519
Apple 아이폰 13 mini 자급제 256GB 스타라이트,"1,190,000원",https://cr.shopping.naver.com/adcr.nhn?x=0eY%2Bg6u%2FDtZP6LGyGufITP%2F%2F%2Fw%3D%3DsZRA2hiUWkVMwyNSbOsMG311x8O%2F9O0zqnfe%2FdSCU36yGgjNtjvRyY8TaEm3AQ5UwVdztBdBFHah2yfqXyPs98uo490n%2FRk6SjqKO0r%2F7%2F7QkIWq27rmzJ7rPRNwlyziAHNVJxSsANVRXyMXcoXlJORzWbUP4hsfkDiMh%2FeiprrdhOluJ1tWQQiXRTgst1zfMd6bHlna6LOLB6PkUuNvGbhcZTESvesdOhIGLumEj5VnQKs7VECOCH6RiXWJE6IjEFhREWPaeWQ%2BM0Khr5jmw%2FRvc0IT1PLaWm8jXN21nbuKuctWfJLSffIPPJdi0DfxZieKeZPN52cj4rUqVJQnkxV27HyYErJyx8%2FLPKNhFVu4QhkkHXK4%2FmSRy5icYE%2F27BW36r4QZshREfg%2B3vq7RNkizyNfJKvhEKspLqfH7KZXf5TRm4ebkeqR55xTMCpWjS6nKoqtur6iGShqz9U6FbpetFLRHDW3UmecszfKyxImcED4m3eDgP3evEaHPdaQEWgPQjolci7UGm7BT3UCp9i35UgO7R1bTF7qRVZ6ZPUz%2BxbiJ4xZ8VEwTdKvXz58eDI2Mn5SrCbIpjSNATzi%2F1x0D6fzhbth%2BS6%2FkfxO6c34pHTtLqXLZ7PSM1MmYYUTVjwYpjw2cDrbWY3K8FHJWfa67jNMfvXpmhVoLZDCnkEvxD1ZYRyQe%2B%2FP6KGkPwpILaGimR4pR27mrh1IoDTOSgA%3D%3D&nvMid=29056389772&catId=50001519
Apple 아이폰 13 mini 자급제 128GB 블루,"1,070,000원",https://cr.shopping.naver.com/adcr.nhn?x=gzjklpfD2NKjvJ%2FkKoDHmP%2F%2F%2Fw%3D%3Ds4MnFEVicsL%2FX6SyGyQXrmUL0dn%2FoVmi2DK0VCyscWaxN4NgkrPIjlczCBjhk2dSMuisaKzutbTzSV7r5qOMXPmbsnwmNHeQdYOk2aMLu%2FUJ6PCI7awQl21dHm5z%2FJuuZM89ydH7j%2BnAF3IjGXFGuRm6IdemuhMaRXNFs4t7grWz%2BdsI0oBV0GFufH9Q6Maoxf7PkdVMtXpOX6%2BiAQVMgwYhzXhvdwEaPhih3X6gf2woIo9dM76CSh7gF2ulbAwUnI2TXRfjEjTaVq5rIUmeeAwjNGR0sPKcUACXJ7jCNJW%2FXNlHNVYqJDp8AmnP%2FDqsc1SkbEZuKRSHDu2tfpQxYpGBvozsGKuKOevobNYa1JmIHs%2F2PHkpmvWjL2qy1nHubfT62xNOtx38PrhGE9O402G6c%2FdUu2gdX1ZuVA5yE%2FAfHvY%2FUzN94OzIr5wG3PfiAWE5Y9W9twU9swN%2B2ACjv3KGZLtKVVL4rFGyKp3kZRFwU0KYvN65q1ZzViC%2BZXQ3UeD4nHsQ78AEvDYHXKjVE%2FzBmjh3WTqLtmMIT0y7CH0msn1flQHopGw0TGui7VmcLJB7PSUjslBNLW0Bc%2BNkvH5%2FjbpK0mBbsEhpn3HCL5ZdlNzdJFgkoR1MOL3Zb6EWFRGeLENaTtSNbUDirs8avQbCNtMDGbABvsk5IxTGOMLhXc50eBITwugSNPH3Ok09sVpGw61BSdoQRvEGgfFlc5w%3D%3D&nvMid=29517541107&catId=50001519
Apple 아이폰 13 mini 자급제 128GB 핑크,"1,070,000원",https://cr.shopping.naver.com/adcr.nhn?x=K8d1g9QAEyiYDtzeGrNotv%2F%2F%2Fw%3D%3Ds2M7jADHfSp%2B1BNzAFAs4NS2Dsxu14tdPxXuL1nGpA9CGgjNtjvRyY8TaEm3AQ5UweNwaw4ZCmysIHPb3T7e1beo490n%2FRk6SjqKO0r%2F7%2F7QkIWq27rmzJ7rPRNwlyziAHNVJxSsANVRXyMXcoXlJORzWbUP4hsfkDiMh%2FeiprrdhOluJ1tWQQiXRTgst1zfMd6bHlna6LOLB6PkUuNvGbhcZTESvesdOhIGLumEj5VnQKs7VECOCH6RiXWJE6IjEFjr0ogcFUQ9oLgPjJTjLT2FRkMGjmCAmRFA3T92dWRquctWfJLSffIPPJdi0DfxZYtp6ox%2B%2BboLVigehDbEs8F27HyYErJyx8%2FLPKNhFVu4QhkkHXK4%2FmSRy5icYE%2F27ZC%2BSXUxwyLUckntucAABtZwGs3QhW56AFBlhmXs928Lf5TRm4ebkeqR55xTMCpWjS6nKoqtur6iGShqz9U6Fbk4YTEi5md4lzbvRc%2BmI2POcED4m3eDgP3evEaHPdaQEWgPQjolci7UGm7BT3UCp9hJQbzDhzl7N96qMNcN3hqJSNOMSygo6WSWb8vaHuM8tD08EF1vCEEnyhODcLwsO6mRlhYLImhjgOyn72%2F%2FiXuXmELFO07QEQYUyi%2Bk709RT00SyuoufM5UI%2FgFDC824KdmE01rpCZv5Cib1gXQiWC1vU2Y6hEEwGxc1AZfON9sL4VRAH%2BsMDObarUodGweR8Q%3D%3D&nvMid=29619937553&catId=50001519
Apple 아이폰 13 Pro Max 자급제 알파인그린 128GB,"1,490,000원",https://cr.shopping.naver.com/adcr.nhn?x=02900Ml3ug7MQSnEFsh9A%2F%2F%2F%2Fw%3D%3DssQVBP%2FHePhxbdhnFSTUk8TayGbEeCBNANfZ0yR0%2FlrJN4NgkrPIjlczCBjhk2dSMWX47tKP3pTDoF1VtjtnyBGbsnwmNHeQdYOk2aMLu%2FUJ6PCI7awQl21dHm5z%2FJuuZM89ydH7j%2BnAF3IjGXFGuRm6IdemuhMaRXNFs4t7grWz%2BdsI0oBV0GFufH9Q6MaoxWbi6dwIhWpyaC2%2FqnqZgkL6HVcY5QbpDu2CL9mTXFqwVEqGh2diF6du5GFQp%2Bcu7ROIlYWmqceLo0xC5dDCXMVmHUaHc5we%2F7fWM7EeATU1iSbl0FvDaaW5F2hU8u7DowyDEK3s1P518Ag73Gbbb5WBvozsGKuKOevobNYa1JmIHs%2F2PHkpmvWjL2qy1nHubPjgxycY6Jq64o7Z%2B9C7x%2Bft8o6T7%2FilgDSPwnFxz8%2FnHvY%2FUzN94OzIr5wG3PfiARmyb3KcN2a0ORKjfrRLDZ6GMxA%2Fe8fJycNz6rWN8PA8U0KYvN65q1ZzViC%2BZXQ3UW2gt3yy2%2BuKRIhXIu%2BCvk552rKuW6Cq1v8fwZHunKPqRMZy44YqU1iJAAr9VneTz5EOPfTJXByb2Z%2Fvvn36PB%2Fp85Y6CXQz2l65meRNQOS%2FfASR0NtkyKELfryhqDJVtjwYpjw2cDrbWY3K8FHJWfeZqNY1zJimnCnCnACl8Ecd0UqYY9x%2FW4jW0GuPIR4reaGimR4pR27mrh1IoDTOSgA%3D%3D&nvMid=31366192446&catId=50001519
Apple 아이폰 13 자급제 핑크 256GB,"1,350,000원",https://cr.shopping.naver.com/adcr.nhn?x=P%2BhZQSoN9ZrNluQUAos6C%2F%2F%2F%2Fw%3D%3Dsi9mt8PLmMPOfcAsLAo6ppuS%2BpXv5AFLDstuPeWk3ogVN4NgkrPIjlczCBjhk2dSMPW3sRIFdFdINjQUDaECT2mbsnwmNHeQdYOk2aMLu%2FUJ6PCI7awQl21dHm5z%2FJuuZM89ydH7j%2BnAF3IjGXFGuRm6IdemuhMaRXNFs4t7grWz%2BdsI0oBV0GFufH9Q6MaoxuqKp5BEw4mdjflcNtQ%2FmKaRCcgCynmIN3Xk7p2rEsnq1%2FusValqmN6Iy5ZBSuBzGErnTIy1dqWU2R%2B0IxEMNoq1k9eR0L0cvq%2Bz%2FPyXwX3%2FQx0SvC5fl0w20xAFPmLDWnTIfTbyoJWl3ylu5UGGHyWBvozsGKuKOevobNYa1JmIHs%2F2PHkpmvWjL2qy1nHub%2FCKtMr6OO6d4LuNTeyNhx06l%2BkFRU6Yfi85tHO9mENHHvY%2FUzN94OzIr5wG3PfiAHZEE0UDavlLBiK92lXiUK3nqWYh6pZQ5IUXNUKIAjO8U0KYvN65q1ZzViC%2BZXQ3UNsPlBNW%2BkFKGVcBGMqSa9hhC2m8cFPyaJJCNgyAFiKo8KWTArnkIO8iyQeudTkBmyVT8XaU%2BVGKGwveHKPZtCCe3lE724tqk9KwsPxbSABUaIbT4wPT2RVq4kndhIVrU6%2FXQ6kYNtica7j45gCcJiVbuSwa8aLO7Y9gFFuEuB%2BrLVWGr8fvvH1mWvUgXPK6j&nvMid=29064755783&catId=50001519
아이폰 Apple 아이폰13 미니 128GB 기기값 24만원,"246,000원",https://cr.shopping.naver.com/adcr.nhn?x=TZGMWy2bz1Pyr1VzoC0lQf%2F%2F%2Fw%3D%3DsPjgD7pLyR8NjFsXtpGJriGarLrb%2ByPtDau%2Bd3sRqoPVN4NgkrPIjlczCBjhk2dSM5XC9b2O1wd8TxaMSldp7dWbsnwmNHeQdYOk2aMLu%2FUJ6PCI7awQl21dHm5z%2FJuuZDbdLHEDt%2BfB1k9vZ6XUnJKTpxbfoHADdec3ikk1uWQJ0tcNCFPkWS7FzyCZSjkIJQGUNHMLon2EE4tIvfE0jUoENQ%2Fvx9dESMwZW6jRKLpm%2B5xnN3g4w%2FLtfpeJOGGQ0P2tfKoQ0NQPyiad34AQ6K9%2FdVvwtcOUlbNrGLU3RUnrDgeHeDWO11boyhAkjcaBOhqQvwmR%2FqlT0jQuNbOPrwkwVUQV1oW9%2FHSiRRhjzhUXKT%2BY5l79mQBNz1gyGstYEkcJhBU0uTW5xNjhnsS1ThS9RbJw%2F4jZAdpid%2BI77%2F72VZ93Riz1C%2BjjeP8gxfsH9TEmjsL6J%2F3ImjTqrS8prz8mnyMN4HEA4L%2F4mIW%2F4AHuocjmNlICsA8JzulRQA0OHY%2BH3q4xLz3TLngcTp3pUMNmVVgsMQmmcjxwXoIw9IhbOpmtGL8HJCqNneKvBFpk%2FF5BBnHnMaGd5TKvts55k74KoDr6us%2BRKRCOTdsWr9TI%3D&nvMid=29860284145&catId=50001519
아이폰 13 미니 자급제 256GB 핑크 MLK73KH/A,"1,046,727원",https://cr.shopping.naver.com/adcr.nhn?x=HclaMd6j0zBoqQmyvuR0Lv%2F%2F%2Fw%3D%3Ds7dN1Id7shXhiPmNSJ9lC65uwN69FY1gS9S5QZ9EO9zHrlQPyQuHoHFsppYbPEdHa2SgEwnX4uTAkT2DtFCecIrozA2N1%2BkidDtQWactl4JbrZF7PlqUhPLPae%2BpE%2Bdh53tTQoBJdwNMLQREqyMXDr1tkimzIkeYH30lQc74xa4rHldO2tJxtiPUosJW%2Fk7HP6SZeC0Tla4OcCVKh2%2BLXa6BZ6zAi4yE2uIcQGRHaNOvnO3uDeFDvXiZXToPSrz7Pz4k9FP3H5xTqkUfSX10gFGzT6tUIqAVAAPOrWf8xenHGTIoCRCPWJup6AQOGB8NGy%2F6MHZ6u%2F5n6uuzlUc6JNEuUiTS4CHUtVxQrWeRhExhcN2QpuIi9KmeRKSlz1lmGn%2BVa4F15X5l8vDKt80wGSth70KxtauexuiiD73hEv8gh6J0wTMRbDYgaqXn1Ug%2BUkv2YPn5J4zSakVY22246UGm%2BWZ%2B%2FebxNDvJ%2BgQ6CNCK6NExIUTtKzhOhX0Z35htyw8Mmz5uhiZ%2BJ0ocFetRRBMrCEQ5oDxzJNUV%2BgGgqrDkJYGePnnItCuWcqZoy9z1LQoOOaMMiOEEgyiQ5uOMcsMKR3YKlD9qGAl6gX9HvZO6gSobFAoKiXBEYvannCql1kaf9FrimSwE8gv5E2FlQZFdznR4EhPC6BI08fc6TT2xWkbDrUFJ2hBG8QaB8WVzn&nvMid=29883425290&catId=50001519
(4/22발송) 아이폰 13 미니 자급제 128GB 스타라이트 MLK13KH/A,"912,285원",https://cr.shopping.naver.com/adcr.nhn?x=gpCTqBmylajl2Bl9r2wqn%2F%2F%2F%2Fw%3D%3DsYdGjOfEcOxsh%2BlUVzKbCfMsgPwxsA4iRbnJYb6tX42xN4NgkrPIjlczCBjhk2dSM1xiiz%2Bxx9eBlBcFgQ3P61GbsnwmNHeQdYOk2aMLu%2FUJ6PCI7awQl21dHm5z%2FJuuZT4A%2BRruAQv1aXJuzE6WgoeyBoNC0%2FiRMqIA19FGGfWevW%2B2V1S%2BDZFDVz5SP48nqim00cXMkhB2g9%2BBnu3qmuS1rNikbyXVba6qYcyknty9%2BsskCGU%2FbGn5PtEhzOz6Y5vUH%2Bjf9IeUWT%2FRovt5iehH6ZDIEWuOGgyOcaIQMJ2RiJaHb2vCgPHsxAn2FkRj%2BueCfFDuywxl3T1PQ6PKMjF5qtMG%2FJ0PUtQjclakIAMjZObf9gFF%2B0qzJ2KfId9vsTl0XKBj0RpZdG26sc8gcU2GMkKJgDgkcL2l7%2BAVNd7%2F1rb3Hj4l60oB78X6aFUmzcj2yhgXSSzW28oLQaNlx8s6FfFURpqbY5NPm10KPEPIBlaUME0acEgfur2h3b9BRh9mTa%2FSLZ%2Bau5mjsr%2FKKzhnxDC3CXeMV8P2z2fTfjc26U1GyaO3HrxFt3%2FcKsKr7CWBnj55yLQrlnKmaMvc9S8eqvNYKIhuNyWzFyDsdG6plNzdJFgkoR1MOL3Zb6EWFsCwXALuhwyoqR6DoTHKhAafy4wrSSZvilunOQAqTs7pXc50eBITwugSNPH3Ok09sVpGw61BSdoQRvEGgfFlc5w%3D%3D&nvMid=29063978571&catId=50001519
아이폰 13 프로 자급제 256GB 시에라 블루 MLVP3KH/A,"1,415,500원",https://cr.shopping.naver.com/adcr.nhn?x=W31oVZTYLu6BHQ7ZWndLBf%2F%2F%2Fw%3D%3DsG%2FwD%2BtiJEZDK0NCc%2F9FFAp40wL80oEQSZ%2BPkQv0IjvBN4NgkrPIjlczCBjhk2dSMgHods64ewkxjN3UPQ0OX6GbsnwmNHeQdYOk2aMLu%2FUJ6PCI7awQl21dHm5z%2FJuuZbxwZMCBHn7NKdDv%2F9xPQjYTMjW2D7BQzJ5Mul8LyV33cpWR16mq4M8Bp4BBLaTMCa%2BtP2cZ%2FIYf7HgWoRX1UiGH8JWjzKnElDJicx29b1RnMGkksLJfK4%2Fo%2FB8IwecfK4%2FpsTpNm1J7DBNNRdzil6%2BHC2Ka%2F9wQwuOgsP05UcvZIt3z%2Bm6J8pvOTQ5gx1x0X%2FOIq6qLqW%2BXB7aAhUB%2FZQCVdN3LpKf%2FbKuiZi7z1XJSk%2BZQmLZkdW2kw53FgtebmQx2hTIVYM2t8AZ4Wb9Jt5CvfCmiGWuFQRNFecKmBkk7ehzNivH23GTZiuh43xfI%2BjB5%2BwQwTWqlzZqCmwHkzLypRtB%2BeiehoUQKAlSMqPxkkT2hfG%2BUhZL3J5hdDZJ8dIaeSI6livRoJ3tTqrulebMJHWAihnwtHcOziobI9WeEL6nrfebnckJCqgqS%2F1UnIBqVOP2t9eiKZjLXQHczOdH5LEJ46NJAJ0MmuBFrM0BQUSiup07nBArhvAMulGeGXgTsNQfYkfgT5kPdYVeK0J7lBL2UG8A2HaFHtqooapModHI8FZtQVGFZJxOyBDKc%2B&nvMid=29727542835&catId=50001519
